item,expected,reproduced,tolerance,absolute_difference,status
n_rows,1408.0,1408.0,0.0,0.0,PASS
n_soils,142.0,142.0,0.0,0.0,PASS
n_pahs,5.0,5.0,0.0,0.0,PASS
xgb_random_r2,0.939,0.9265399101441332,0.002,0.012460089855866774,FAIL
xgb_loso_r2,0.649,0.6422760767615363,0.002,0.006723923238463714,FAIL
xgb_generalization_gap,0.29,0.28426383338259686,0.003,0.005736166617403116,FAIL
support_q4_q1_mae_ratio,2.02,1.9167351381455093,0.03,0.10326486185449069,FAIL
soil_level_bias_ratio,0.843,0.8206575466440662,0.003,0.022342453355933767,FAIL
fewshot_m3_calibrated_r2,0.901,0.8982122728560146,0.003,0.0027877271439854523,PASS
fewshot_m5_calibrated_r2,0.908,0.9068154273317883,0.003,0.001184572668211703,PASS
