layer,protocol,R2,R2_std,RMSE,RMSE_std,MAE,MAE_std,n_seeds,n_folds,GG
Layer1,random_split,0.8314963427429447,0.022170159391299477,0.7185383831555665,0.03642326714460891,0.5497182839258818,0.021252781055633718,10.0,,
Layer1,strict_loso,0.1984932571258171,,1.5458963048874965,,1.1865772217803061,,,142.0,
Layer1,generalization_gap,,,,,,,,,0.6330030856171276
Layer2,random_split,0.9233115187241477,0.009271452462688673,0.4848613705205812,0.020782913689615424,0.35008755465875985,0.0168180740056039,10.0,,
Layer2,strict_loso,0.6430497621970326,,1.031645781760655,,0.7624261898107924,,,142.0,
Layer2,generalization_gap,,,,,,,,,0.28026175652711516
Layer3,random_split,0.9265399101441332,0.009877700939061214,0.47418647662687735,0.01651203162199393,0.344128726282073,0.01645360859925025,10.0,,
Layer3,strict_loso,0.6422760767615363,,1.0327632166211742,,0.7573152261223445,,,142.0,
Layer3,generalization_gap,,,,,,,,,0.28426383338259686
