m,prediction_type,n_repeats,eligible_soils_mean,r2_mean,r2_std,rmse_mean,rmse_std,mae_mean,mae_std,bias_mean
0,zero_shot_all,1,142.0,0.6519977286195937,0.0,1.0186331561941808,0.0,0.7548704879742508,0.0,-0.09615469279512229
1,calibrated,30,109.0,0.8610762773634694,0.017221980099548354,0.640918983042132,0.039634341943697735,0.4602371471821561,0.023570998030372447,0.023844047473511158
1,matched_zero_shot,30,109.0,0.6727791202769521,0.0027682346047713754,0.9854085949859185,0.003053739583076401,0.7282731685327597,0.0028673641456103487,-0.0794349383942277
3,calibrated,30,58.0,0.8996679908431789,0.005686976345810548,0.5775438526750016,0.016640247314643534,0.43468391160304176,0.010238422337476892,-0.006902106812418108
3,matched_zero_shot,30,58.0,0.689535240595365,0.005158880683808783,1.0162788362007789,0.008134862824532605,0.7610176161865606,0.006421293096056751,-0.17876539263636163
5,calibrated,30,54.0,0.9080607169784657,0.004295549080390094,0.5518012950102852,0.012575320273435244,0.415961904693699,0.009175034583053377,-0.003951313229587301
5,matched_zero_shot,30,54.0,0.6870101276071338,0.00588953311380701,1.0183443735094884,0.009045816516538206,0.7652573239058147,0.007944553442451046,-0.17942529868208404
10,calibrated,30,26.0,0.8937416496651838,0.006082670317428871,0.574540192338267,0.015076316523609868,0.43793608802315387,0.01271059684034563,0.013557124627203942
10,matched_zero_shot,30,26.0,0.6836228877584624,0.014166692758054138,0.9916475651045559,0.02514992318222684,0.7696489725968323,0.021882135452697838,-0.27156332242804493
