Soil_ID,n_samples
132,37
84,31
40,30
24,30
122,30
120,30
5,27
57,26
65,24
11,23
140,23
27,21
38,21
86,21
111,20
123,20
134,19
107,18
44,17
93,16
115,15
94,15
117,15
102,15
79,15
39,15
23,14
26,14
4,14
14,13
49,13
83,13
18,13
35,13
76,12
66,12
34,12
54,12
101,12
10,12
17,12
47,11
2,10
8,10
3,10
1,10
105,10
119,10
29,10
124,10
75,10
32,10
28,10
61,10
22,9
55,8
129,8
20,8
6,7
136,7
135,7
12,7
139,7
71,7
73,7
62,7
77,7
53,7
52,7
48,7
60,7
59,7
67,7
41,7
31,7
16,7
46,7
33,7
110,7
99,7
95,7
125,7
128,7
137,7
127,7
116,7
114,7
121,7
108,7
106,7
87,7
90,7
80,7
82,7
51,7
113,7
131,6
126,6
92,6
15,6
19,6
30,6
37,6
42,6
74,6
85,6
45,6
56,6
36,6
9,5
96,5
13,5
142,5
78,5
89,5
118,5
64,5
72,5
50,5
21,5
43,5
58,5
70,5
69,5
100,5
88,5
103,5
98,5
138,5
130,4
104,4
7,3
25,3
68,3
141,3
133,3
109,3
63,2
91,2
97,2
112,2
81,1
