column,count,mean,std,min,25%,50%,75%,max
Soil_ID,1408.0,70.43039772727273,42.31087086270878,1.0,33.0,69.0,111.0,142.0
OC,1408.0,2.0937920851605116,2.5362434733929136,0.058139535,0.756976744,1.43,2.720930233,25.1
pH,1211.0,6.779562345169281,1.2921218592721977,3.55,6.0,7.0,7.85,8.5
Clay,1201.0,22.904196502914235,13.755650222412406,4.0,12.9,19.1,32.3,65.9
CEC,742.0,34.14551212938006,60.286131826714985,0.3,9.18,14.9,23.72,306.4
T,1408.0,297.22940340909093,6.431360990685523,278.0,298.0,298.0,298.0,318.0
Ratio,1408.0,0.06264015085511364,0.06576337237707479,0.0005,0.012623863,0.031891149,0.1,0.39764758
logKow,1408.0,4.383884943181818,0.7456866010653426,3.36,3.36,4.57,5.18,5.22
lnCe,1408.0,4.734399341147017,2.260730619828168,-4.017383521,3.2464686175,4.652997376,6.21825483225,9.648883648
HOMO,1408.0,-0.2077274147727273,0.006918016341361219,-0.21269,-0.21269,-0.21058,-0.21058,-0.19575
LUMO,1408.0,-0.042544268465909085,0.010559456768892084,-0.0644,-0.05444,-0.03651,-0.03523,-0.02623
lnQe,1408.0,2.8604455640518465,1.727352797303952,-2.918771232,1.77381130225,2.965881129,4.05852384575,7.916652284
