column,missing_count,missing_rate
pKa,11990,0.5724516591071855
pKb,10302,0.4918596323704941
logKd,0,0.0
logCe,0,0.0
Compound name,0,0.0
CAS Number,0,0.0
SMILES,0,0.0
Isotherm,0,0.0
Data Index,0,0.0
Isotherm Index,0,0.0
Exponent,0,0.0
Kd/Kf,0,0.0
Experimental pH,0,0.0
Unit of Kf,0,0.0
soil pH,0,0.0
soil organic carbon,0,0.0
CEC,0,0.0
log soil-solution ratio,0,0.0
Clay,0,0.0
pKa type,0,0.0
Chemical group index,0,0.0
Cation fraction,0,0.0
Neutral fraction,0,0.0
Anion fraction,0,0.0
Acticle,0,0.0
Soil_ID_inferred,0,0.0
