column,count,unique,top,freq,mean,std,min,25%,50%,75%,max
Data Index,20945.0,,,,10473.0,6046.445029932878,1.0,5237.0,10473.0,15709.0,20945.0
Isotherm Index,20945.0,,,,2337.425065648126,1394.759806733683,1.0,1134.0,2350.0,3584.0,4804.0
logKd,20945.0,,,,1.1270561837013746,1.2474047867757587,-3.88121433486839,0.243038048686294,0.879669205632054,1.96378782734555,7.04998103883633
logCe,20945.0,,,,0.044109609080752114,1.295484932780566,-5.25266424922265,-0.931875321071432,0.116177567534778,1.01068702256335,4.41113750606749
Compound name,20945,411,Oxytetracycline,710,,,,,,,
CAS Number,20945,398,79-57-2,710,,,,,,,
SMILES,20945,398,CN(C)C1C(=O)C(C(N)=O)=C(O)C2(O)C(=O)C3=C(O)c4c(O)cccc4C(C)(O)C3C(O)C12,710,,,,,,,
Isotherm,20945,3,Freundlich,10585,,,,,,,
Kd/Kf,20945.0,,,,1033.3858715433735,13893.28541033497,0.001,1.88,7.79,90.3,1277873.9
Exponent,20945.0,,,,0.9157258064875269,0.20145724346161528,0.03,0.85,1.0,1.0,2.86
Unit of Kf,20945,5,L/kg,10360,,,,,,,
log soil-solution ratio,20945.0,,,,-0.7474479213435061,0.5391325722229016,-3.60205999132796,-1.0,-0.698970004336019,-0.301029995663981,0.0457574905606751
Experimental pH,20945.0,,,,6.240653616614944,1.3756483392650174,2.0,5.2,6.45,7.35,10.0
soil pH,20945.0,,,,6.230083074719503,1.350316391486305,2.18,5.17,6.44,7.36,9.35
soil organic carbon,20945.0,,,,2.383786361844699,2.185152793267239,0.0,1.07,1.78,3.22,16.1
CEC,20945.0,,,,14.259010981141083,8.793898155524769,0.53,8.2,12.3,19.3,65.7
Clay,20945.0,,,,21.128485788024975,15.984852136514437,0.0,10.0,18.6,27.9,88.9
pKb,10643.0,,,,5.096603401296627,3.0648046439285572,1.0,2.28,3.76,8.3,12.4
pKa,8955.0,,,,6.259821328866555,2.4290976197265244,1.97,4.16,6.08,7.55,13.08
pKa type,20945,4,nopKa,6615,,,,,,,
Chemical group index,20945.0,,,,26.35660062067319,16.756649749492507,1.0,10.0,29.0,44.0,56.0
Cation fraction,20945.0,,,,16.58464412771823,34.94533728651623,0.0,0.0,2.88349457048017e-08,1.24288537707647,99.9999999383405
Neutral fraction,20945.0,,,,65.47358411249955,43.60590679901941,6.16595001481292e-08,6.33268753109479,97.7944851582127,100.0,100.0
Anion fraction,20945.0,,,,17.941771759782213,35.68963326127151,0.0,0.0,0.0,4.27032691251405,99.9999800473804
Acticle,20945,177,Li et al. 2021,3445,,,,,,,
Soil_ID_inferred,20945,1037,soil_0003,270,,,,,,,
