Soil_ID_inferred,n_samples
soil_0619,270
soil_0184,270
soil_0262,270
soil_0292,270
soil_0487,270
soil_0003,270
soil_0805,265
soil_0816,265
soil_0794,260
soil_0724,260
soil_0617,260
soil_0785,260
soil_0695,255
soil_0948,245
soil_0608,240
soil_0703,240
soil_0990,235
soil_0001,235
soil_0194,125
soil_0188,125
soil_0238,125
soil_0935,120
soil_0618,105
soil_0398,105
soil_0354,105
soil_0293,105
soil_0486,105
soil_0185,105
soil_0002,105
soil_0232,85
soil_0573,75
soil_0396,75
soil_0053,65
soil_0754,50
soil_0407,50
soil_0578,50
soil_0092,50
soil_0661,50
soil_0082,50
soil_0801,50
soil_0521,50
soil_0379,50
soil_0187,50
soil_0977,50
soil_0330,50
soil_0258,50
soil_0222,50
soil_0234,50
soil_0532,45
soil_0752,45
soil_0125,45
soil_0687,45
soil_0075,45
soil_0164,45
soil_0923,45
soil_0135,45
soil_0192,45
soil_0817,45
soil_1034,45
soil_0381,45
soil_0979,45
soil_1033,40
soil_0994,35
soil_0155,35
soil_0839,35
soil_0387,35
soil_0571,35
soil_0116,35
soil_0169,35
soil_0451,35
soil_0471,35
soil_0905,35
soil_0569,35
soil_0261,35
soil_0893,35
soil_0453,35
soil_0463,35
soil_0807,35
soil_0563,35
soil_0423,35
soil_0821,35
soil_0867,35
soil_0252,35
soil_0310,35
soil_0382,35
soil_0037,35
soil_0374,35
soil_0574,35
soil_0799,35
soil_1013,35
soil_1006,35
soil_0530,35
soil_0952,35
soil_0947,35
soil_0944,35
soil_0093,35
soil_0077,35
soil_1027,35
soil_0929,35
soil_0707,35
soil_1028,35
soil_0729,35
soil_0916,35
soil_0872,35
soil_0973,35
soil_0740,35
soil_0076,35
soil_0993,35
soil_0646,30
soil_0951,30
soil_0103,30
soil_0090,30
soil_0761,30
soil_0632,30
soil_0091,30
soil_0934,30
soil_0694,30
soil_0704,30
soil_0786,30
soil_0263,30
soil_0020,30
soil_0260,30
soil_0211,30
soil_0827,30
soil_0410,30
soil_0362,30
soil_0717,30
soil_0849,30
soil_0287,30
soil_0290,30
soil_0770,30
soil_0681,30
soil_0747,30
soil_0953,30
soil_0581,30
soil_0405,30
soil_0413,30
soil_0411,30
soil_0814,30
soil_0492,30
soil_1003,30
soil_0186,30
soil_0464,30
soil_0894,30
soil_0314,30
soil_0523,30
soil_0718,30
soil_0506,30
soil_0903,30
soil_1009,30
soil_0939,25
soil_0745,25
soil_0052,25
soil_0722,25
soil_1018,25
soil_0922,25
soil_0010,25
soil_1021,25
soil_0011,25
soil_0705,25
soil_0708,25
soil_0709,25
soil_0941,25
soil_0945,25
soil_0992,25
soil_0991,25
soil_0611,25
soil_0648,25
soil_0765,25
soil_0778,25
soil_0659,25
soil_0699,25
soil_0776,25
soil_0711,25
soil_0043,25
soil_0605,25
soil_0644,25
soil_0741,25
soil_0738,25
soil_0625,25
soil_0633,25
soil_0690,25
soil_0689,25
soil_0540,25
soil_0567,25
soil_0568,25
soil_0570,25
soil_0557,25
soil_0588,25
soil_0594,25
soil_0598,25
soil_0556,25
soil_0107,25
soil_0388,25
soil_0841,25
soil_0822,25
soil_0431,25
soil_0445,25
soil_0449,25
soil_0551,25
soil_0513,25
soil_0526,25
soil_0480,25
soil_0576,25
soil_0548,25
soil_0558,25
soil_0511,25
soil_0436,25
soil_0179,25
soil_0214,25
soil_0158,25
soil_0452,25
soil_0500,25
soil_0459,25
soil_0462,25
soil_0424,25
soil_0390,25
soil_0343,25
soil_0960,25
soil_0367,25
soil_0860,25
soil_0352,25
soil_0426,25
soil_0223,25
soil_0247,25
soil_0245,25
soil_0401,25
soil_0837,25
soil_0835,25
soil_0887,25
soil_0888,25
soil_0213,25
soil_0242,25
soil_0984,25
soil_0279,25
soil_0871,25
soil_0307,25
soil_0319,25
soil_0326,25
soil_0913,25
soil_0976,25
soil_0972,25
soil_0974,25
soil_0017,25
soil_0008,25
soil_0006,25
soil_0004,25
soil_0693,20
soil_0067,20
soil_0284,20
soil_0971,20
soil_0975,20
soil_0868,20
soil_0891,20
soil_0932,20
soil_0933,20
soil_0936,20
soil_0700,20
soil_0769,20
soil_0771,20
soil_0772,20
soil_0710,20
soil_0698,20
soil_0113,20
soil_0302,20
soil_0306,20
soil_0272,20
soil_0679,20
soil_0736,20
soil_0640,20
soil_0647,20
soil_0652,20
soil_0656,20
soil_0603,20
soil_0610,20
soil_0612,20
soil_0613,20
soil_0946,20
soil_0950,20
soil_0631,20
soil_0572,20
soil_0779,20
soil_0987,20
soil_0988,20
soil_0117,20
soil_0906,20
soil_0161,20
soil_0131,20
soil_0138,20
soil_0575,20
soil_0803,20
soil_0806,20
soil_0559,20
soil_0562,20
soil_0543,20
soil_0550,20
soil_0884,20
soil_0351,20
soil_0342,20
soil_0346,20
soil_0321,20
soil_0322,20
soil_0324,20
soil_0033,20
soil_0900,20
soil_0901,20
soil_0495,20
soil_0497,20
soil_0528,20
soil_0538,20
soil_0507,20
soil_0478,20
soil_0515,20
soil_0517,20
soil_0522,20
soil_0493,20
soil_0796,20
soil_0336,20
soil_0348,20
soil_0254,20
soil_0798,20
soil_0038,20
soil_0795,20
soil_0435,20
soil_0472,20
soil_0473,20
soil_0202,20
soil_0230,20
soil_0027,20
soil_0959,20
soil_0962,20
soil_0358,20
soil_0360,20
soil_0447,20
soil_0819,20
soil_0455,20
soil_0427,20
soil_0403,20
soil_0414,20
soil_0416,20
soil_0417,20
soil_0421,20
soil_0385,20
soil_0386,20
soil_0425,20
soil_0347,20
soil_0369,20
soil_0373,20
soil_0853,20
soil_0356,20
soil_0224,20
soil_0856,20
soil_0857,20
soil_0832,20
soil_0836,20
soil_0409,20
soil_0886,20
soil_0889,20
soil_0890,20
soil_0862,20
soil_0865,20
soil_0084,20
soil_0086,20
soil_0742,20
soil_0743,20
soil_0928,20
soil_0692,20
soil_0908,20
soil_0019,20
soil_0024,20
soil_0907,20
soil_0639,18
soil_0897,15
soil_0751,15
soil_0773,15
soil_0664,15
soil_0859,15
soil_0866,15
soil_0686,15
soil_0746,15
soil_0716,15
soil_0728,15
soil_0924,15
soil_0667,15
soil_0299,15
soil_0280,15
soil_0383,15
soil_0677,15
soil_0757,15
soil_0760,15
soil_0758,15
soil_0643,15
soil_0653,15
soil_0370,15
soil_0734,15
soil_0199,15
soil_0400,15
soil_0833,15
soil_0655,15
soil_0604,15
soil_0102,15
soil_0615,15
soil_0055,15
soil_0637,15
soil_0616,15
soil_0954,15
soil_0782,15
soil_0843,15
soil_0844,15
soil_0845,15
soil_0439,15
soil_0442,15
soil_0811,15
soil_0969,15
soil_0363,15
soil_0364,15
soil_0338,15
soil_0340,15
soil_0288,15
soil_0784,15
soil_0787,15
soil_0788,15
soil_0148,15
soil_0149,15
soil_0361,15
soil_0813,15
soil_0818,15
soil_0820,15
soil_0789,15
soil_0790,15
soil_0793,15
soil_0763,15
soil_0593,15
soil_0595,15
soil_0599,15
soil_0602,15
soil_0539,15
soil_0876,15
soil_0880,15
soil_0881,15
soil_0882,15
soil_0883,15
soil_0162,15
soil_0437,15
soil_0203,15
soil_0956,15
soil_0577,15
soil_0579,15
soil_0561,15
soil_0545,15
soil_0549,15
soil_0174,15
soil_0176,15
soil_0350,15
soil_0341,15
soil_0193,15
soil_0166,15
soil_0167,15
soil_0466,15
soil_0468,15
soil_0524,15
soil_0531,15
soil_0534,15
soil_0535,15
soil_0537,15
soil_0508,15
soil_0479,15
soil_0334,15
soil_0335,15
soil_0978,15
soil_0235,15
soil_0236,15
soil_0240,15
soil_1004,15
soil_0501,15
soil_0484,15
soil_0488,15
soil_0489,15
soil_0012,15
soil_0073,15
soil_0909,15
soil_0720,15
soil_0009,15
soil_0208,14
soil_0448,14
soil_0345,14
soil_0059,14
soil_0266,10
soil_0022,10
soil_0269,10
soil_0271,10
soil_0899,10
soil_0068,10
soil_0070,10
soil_0938,10
soil_0702,10
soil_0774,10
soil_0712,10
soil_0683,10
soil_0685,10
soil_0663,10
soil_0834,10
soil_0885,10
soil_0721,10
soil_0040,10
soil_0041,10
soil_0042,10
soil_0498,10
soil_0504,10
soil_0460,10
soil_0465,10
soil_0918,10
soil_0919,10
soil_1020,10
soil_1023,10
soil_1029,10
soil_1031,10
soil_0048,10
soil_0049,10
soil_0050,10
soil_0509,10
soil_0475,10
soil_0477,10
soil_0512,10
soil_0514,10
soil_0520,10
soil_0491,10
soil_0797,10
soil_0349,10
soil_0981,10
soil_0986,10
soil_0241,10
soil_0253,10
soil_0256,10
soil_0229,10
soil_0039,10
soil_0216,10
soil_0217,10
soil_0190,10
soil_0168,10
soil_0467,10
soil_0826,10
soil_0432,10
soil_0433,10
soil_0434,10
soil_0323,10
soil_0031,10
soil_0032,10
soil_0553,10
soil_0494,10
soil_0527,10
soil_0529,10
soil_0170,10
soil_0141,10
soil_0142,10
soil_0143,10
soil_0144,10
soil_0145,10
soil_0146,10
soil_0171,10
soil_0173,10
soil_0175,10
soil_0998,10
soil_0316,10
soil_0318,10
soil_0182,10
soil_0215,10
soil_0206,10
soil_0207,10
soil_0028,10
soil_0957,10
soil_0961,10
soil_0964,10
soil_0134,10
soil_1008,10
soil_1011,10
soil_0802,10
soil_0560,10
soil_0510,10
soil_0544,10
soil_0546,10
soil_0547,10
soil_0584,10
soil_0585,10
soil_0555,10
soil_0591,10
soil_0596,10
soil_0564,10
soil_0565,10
soil_0542,10
soil_0160,10
soil_0163,10
soil_0470,10
soil_0474,10
soil_0231,10
soil_0233,10
soil_0204,10
soil_0205,10
soil_0332,10
soil_0333,10
soil_0178,10
soil_0180,10
soil_0181,10
soil_0454,10
soil_0456,10
soil_0457,10
soil_0151,10
soil_0154,10
soil_0118,10
soil_0119,10
soil_0121,10
soil_0792,10
soil_0764,10
soil_0244,10
soil_0248,10
soil_0967,10
soil_0968,10
soil_0970,10
soil_0846,10
soil_0847,10
soil_0848,10
soil_0850,10
soil_0851,10
soil_0294,10
soil_0783,10
soil_0150,10
soil_0965,10
soil_0035,10
soil_0036,10
soil_0104,10
soil_0614,10
soil_0636,10
soil_0940,10
soil_0943,10
soil_0949,10
soil_0810,10
soil_0034,10
soil_0308,10
soil_0873,10
soil_0874,10
soil_0458,10
soil_0428,10
soil_0812,10
soil_0391,10
soil_0397,10
soil_0220,10
soil_0221,10
soil_0226,10
soil_0228,10
soil_0201,10
soil_0399,10
soil_0855,10
soil_0606,10
soil_0122,10
soil_1000,10
soil_1001,10
soil_1002,10
soil_0123,10
soil_0124,10
soil_0126,10
soil_0128,10
soil_0680,10
soil_0766,10
soil_0768,10
soil_0753,10
soil_0755,10
soil_0762,10
soil_0732,10
soil_0735,10
soil_0624,10
soil_0627,10
soil_0628,10
soil_0682,10
soil_0854,10
soil_0353,10
soil_0057,10
soil_0250,10
soil_0295,10
soil_0297,10
soil_0325,10
soil_0329,10
soil_0304,10
soil_0274,10
soil_0275,10
soil_0276,10
soil_0277,10
soil_0281,10
soil_0311,10
soil_0026,10
soil_0062,10
soil_0063,10
soil_0671,10
soil_0673,10
soil_0864,10
soil_0209,10
soil_0210,10
soil_0966,10
soil_0085,10
soil_0087,10
soil_0666,10
soil_0078,10
soil_0108,10
soil_0109,10
soil_0110,10
soil_0111,10
soil_0112,10
soil_0114,10
soil_0115,10
soil_0089,10
soil_0268,10
soil_1015,10
soil_0095,10
soil_0096,10
soil_0098,10
soil_0100,10
soil_0101,10
soil_0074,10
soil_0045,10
soil_0046,10
soil_0047,10
soil_0931,10
soil_0312,10
soil_0285,10
soil_0257,10
soil_0007,10
soil_0016,10
soil_0081,10
soil_0064,10
soil_0065,10
soil_0066,10
soil_0094,10
soil_0925,10
soil_0926,10
soil_0927,10
soil_0688,10
soil_0071,10
soil_0072,10
soil_0025,10
soil_0912,10
soil_0914,10
soil_0863,10
soil_0892,9
soil_0930,9
soil_0658,9
soil_0609,9
soil_0781,9
soil_0552,9
soil_0389,9
soil_0402,9
soil_0375,9
soil_0327,9
soil_0282,9
soil_0259,9
soil_0243,9
soil_0195,9
soil_0196,9
soil_0127,9
soil_0018,9
soil_0021,9
soil_0015,9
soil_0634,6
soil_0601,6
soil_0592,6
soil_1014,5
soil_1022,5
soil_0915,5
soil_0911,5
soil_0910,5
soil_0719,5
soil_0715,5
soil_0744,5
soil_0739,5
soil_0733,5
soil_0759,5
soil_0756,5
soil_0730,5
soil_0727,5
soil_1032,5
soil_1030,5
soil_1026,5
soil_0723,5
soil_0725,5
soil_0726,5
soil_0706,5
soil_0713,5
soil_0937,5
soil_0691,5
soil_0714,5
soil_0676,5
soil_0675,5
soil_0674,5
soil_0672,5
soil_0669,5
soil_0750,5
soil_0748,5
soil_0777,5
soil_0696,5
soil_0697,5
soil_0668,5
soil_0665,5
soil_0654,5
soil_0662,5
soil_0660,5
soil_0657,5
soil_0649,5
soil_0629,5
soil_0630,5
soil_0607,5
soil_0791,5
soil_0942,5
soil_0600,5
soil_0589,5
soil_0587,5
soil_0583,5
soil_0582,5
soil_0580,5
soil_0566,5
soil_0809,5
soil_0804,5
soil_0800,5
soil_1012,5
soil_1010,5
soil_1007,5
soil_0525,5
soil_0554,5
soil_0536,5
soil_0496,5
soil_0516,5
soil_0482,5
soil_0476,5
soil_0505,5
soil_0503,5
soil_0502,5
soil_0499,5
soil_1005,5
soil_0825,5
soil_0824,5
soil_0461,5
soil_0490,5
soil_0485,5
soil_0483,5
soil_0450,5
soil_0446,5
soil_0444,5
soil_0443,5
soil_0430,5
soil_0429,5
soil_0823,5
soil_0815,5
soil_0842,5
soil_0840,5
soil_0422,5
soil_0420,5
soil_0419,5
soil_0418,5
soil_0415,5
soil_0412,5
soil_0438,5
soil_0408,5
soil_0406,5
soil_0404,5
soil_0395,5
soil_0392,5
soil_0384,5
soil_0380,5
soil_0838,5
soil_0829,5
soil_0828,5
soil_0858,5
soil_0955,5
soil_0372,5
soil_0371,5
soil_0368,5
soil_0366,5
soil_0365,5
soil_0394,5
soil_0393,5
soil_0963,5
soil_0958,5
soil_0030,5
soil_0029,5
soil_0058,5
soil_0056,5
soil_0320,5
soil_0344,5
soil_0852,5
soil_0870,5
soil_0869,5
soil_0309,5
soil_0303,5
soil_0301,5
soil_0300,5
soil_0328,5
soil_0296,5
soil_0289,5
soil_0286,5
soil_0283,5
soil_0251,5
soil_0273,5
soil_0267,5
soil_0237,5
soil_0985,5
soil_0983,5
soil_0982,5
soil_0219,5
soil_0249,5
soil_0246,5
soil_0212,5
soil_0200,5
soil_0198,5
soil_0218,5
soil_0157,5
soil_0156,5
soil_0177,5
soil_0879,5
soil_0878,5
soil_0877,5
soil_0875,5
soil_0904,5
soil_0902,5
soil_0997,5
soil_0996,5
soil_0995,5
soil_0989,5
soil_0129,5
soil_0999,5
soil_0080,5
soil_0099,5
soil_0061,5
soil_1019,5
soil_0898,5
soil_0896,5
soil_0895,5
soil_0921,5
soil_0920,5
soil_0917,5
soil_1016,5
soil_1017,5
soil_1035,5
soil_1036,5
soil_0013,3
soil_0014,3
soil_0023,3
soil_1024,3
soil_1025,3
soil_0861,3
soil_0831,3
soil_0808,3
soil_0780,3
soil_0684,3
soil_0749,3
soil_0737,3
soil_0622,3
soil_0638,3
soil_0641,3
soil_0642,3
soil_0678,3
soil_0623,3
soil_0590,3
soil_0597,3
soil_0650,3
soil_0620,3
soil_0621,3
soil_0376,3
soil_0355,3
soil_0441,3
soil_0469,3
soil_0481,3
soil_0519,3
soil_0518,3
soil_0533,3
soil_0541,3
soil_0586,3
soil_0136,3
soil_0189,3
soil_0191,3
soil_0197,3
soil_0172,3
soil_0183,3
soil_0159,3
soil_0165,3
soil_0139,3
soil_0140,3
soil_0377,3
soil_0378,3
soil_0359,3
soil_0357,3
soil_0331,3
soil_0337,3
soil_0270,3
soil_0339,3
soil_0315,3
soil_0317,3
soil_0305,3
soil_0313,3
soil_0291,3
soil_0298,3
soil_0265,3
soil_0278,3
soil_0255,3
soil_0264,3
soil_0239,3
soil_0980,3
soil_0225,3
soil_0227,3
soil_0088,3
soil_0137,3
soil_0120,3
soil_0097,3
soil_0105,3
soil_0106,3
soil_0079,3
soil_0083,3
soil_0051,3
soil_0060,3
soil_0147,3
soil_0152,3
soil_0153,3
soil_0130,3
soil_0132,3
soil_0133,3
soil_0005,3
soil_0054,3
soil_0069,3
soil_0044,3
soil_0000,3
soil_0775,2
soil_0651,2
soil_0635,2
soil_0626,1
soil_0645,1
soil_0670,1
soil_0701,1
soil_0830,1
soil_0767,1
soil_0731,1
soil_0440,1
